name,median_us,p10_us,p90_us,bytes,bandwidth_TBs,samples,source_record
copy_1GiB,1485.568000000003,1482.2400000000052,1489.1520000000019,2147483648,1.4455640186110605,31,3116
triad_1GiB,2245.631999999998,2242.304,2247.9360000000015,3221225472,1.4344404924760616,31,3116
read8_write1_1GiB,820.9920000000002,818.6880000000001,825.3439999999973,1207959552,1.47134144059869,31,3116
copy_2GiB,2960.383999999991,2956.2880000000005,2967.551999999996,4294967296,1.4508142511241828,31,3116
triad_2GiB,4493.311999999998,4488.1919999999955,4498.687999999995,6442450944,1.433786690975388,31,3116
read8_write1_2GiB,1778.9440000000031,1768.9599999999991,1786.8799999999992,2415919104,1.3580636062742817,31,3116
base_T512_K8_H7168,44.28800000000001,44.0319999999997,44.79999999999973,66093056,1.4923468208092483,31,3116
xsf_T512_K8_H7168,44.54399999999987,44.03200000000004,45.05600000000004,66109440,1.4841379310344873,31,3116
base_T4096_K8_H7168,356.6080000000002,355.5839999999989,357.6320000000005,528744448,1.4827049533381185,31,3116
xsf_T4096_K8_H7168,357.8879999999999,357.1199999999999,359.4240000000009,528875520,1.4777682403433479,31,3116
