variant,workload,num_tokens,num_topk,hidden,reduction_flops,xsf_flops,sf_flops,total_flops,input_bytes,output_bytes,weights_bytes,positions_bytes,x_sf_bytes,sf_bytes,total_bytes,arithmetic_intensity_FLOP_per_byte
Base,tiny,32,2,256,32768,0,0,32768,32768,16384,256,256,0,0,49664,0.6597938144329897
Base,h3072,512,8,3072,25165824,0,0,25165824,25165824,3145728,16384,16384,0,0,28344320,0.8878612716763006
Base,h7168,512,8,7168,58720256,0,0,58720256,58720256,7340032,16384,16384,0,0,66093056,0.888448190381755
Base,prefill,4096,8,7168,469762048,0,0,469762048,469762048,58720256,131072,131072,0,0,528744448,0.888448190381755
XSF,tiny,32,2,256,32768,64,0,32832,32768,16384,256,256,256,0,49920,0.6576923076923077
XSF,h3072,512,8,3072,25165824,4096,0,25169920,25165824,3145728,16384,16384,16384,0,28360704,0.8874927787406124
XSF,h7168,512,8,7168,58720256,4096,0,58724352,58720256,7340032,16384,16384,16384,0,66109440,0.8882899628252788
XSF,prefill,4096,8,7168,469762048,32768,0,469794816,469762048,58720256,131072,131072,131072,0,528875520,0.8882899628252788
FP8,tiny,32,2,256,32768,0,8192,40960,32768,8192,256,256,0,4,41476,0.987559070305719
FP8,h3072,512,8,3072,25165824,0,1572864,26738688,25165824,1572864,16384,16384,0,4,26771460,0.9987758605619567
FP8,h7168,512,8,7168,58720256,0,3670016,62390272,58720256,3670016,16384,16384,0,4,62423044,0.999475001571535
FP8,prefill,4096,8,7168,469762048,0,29360128,499122176,469762048,29360128,131072,131072,0,4,499384324,0.9994750576111396
Quantized,tiny,32,2,256,32768,64,8192,41024,32768,8192,256,256,256,4,41732,0.9830346017444647
Quantized,h3072,512,8,3072,25165824,4096,1572864,26742784,25165824,1572864,16384,16384,16384,4,26787844,0.9983178937431471
Quantized,h7168,512,8,7168,58720256,4096,3670016,62394368,58720256,3670016,16384,16384,16384,4,62439428,0.9992783406023514
Quantized,prefill,4096,8,7168,469762048,32768,29360128,499154944,469762048,29360128,131072,131072,131072,4,499515396,0.9992783966162276
