variant,workload,T,K,H,threads,tile,cta_count,latency_us,speedup_vs_1024,byte_equal,measurements
fp8,h3072,512,8,3072,128,256,6144,29.37856000000001,0.8086441268734751,True,"[{""us"": 29.37344000000002, ""timing"": ""cupti"", ""inputs_cloned"": true}, {""us"": 29.37856000000001, ""timing"": ""cupti"", ""inputs_cloned"": true}, {""us"": 29.39392000000001, ""timing"": ""cupti"", ""inputs_cloned"": true}]"
fp8,h3072,512,8,3072,128,512,3072,22.763520000000003,1.0436347278452545,True,"[{""us"": 22.763520000000007, ""timing"": ""cupti"", ""inputs_cloned"": true}, {""us"": 22.743040000000004, ""timing"": ""cupti"", ""inputs_cloned"": true}, {""us"": 22.763520000000003, ""timing"": ""cupti"", ""inputs_cloned"": true}]"
fp8,h3072,512,8,3072,128,1024,1536,23.75680000000001,1.0,True,"[{""us"": 23.75680000000001, ""timing"": ""cupti"", ""inputs_cloned"": true}, {""us"": 23.715839999999996, ""timing"": ""cupti"", ""inputs_cloned"": true}, {""us"": 23.76704, ""timing"": ""cupti"", ""inputs_cloned"": true}]"
fp8,h7168,512,8,7168,128,256,14336,61.931519999999985,0.7893518518518523,True,"[{""us"": 61.931519999999985, ""timing"": ""cupti"", ""inputs_cloned"": true}, {""us"": 61.92640000000002, ""timing"": ""cupti"", ""inputs_cloned"": true}, {""us"": 61.941760000000016, ""timing"": ""cupti"", ""inputs_cloned"": true}]"
fp8,h7168,512,8,7168,128,512,7168,48.18432,1.0145574327914146,True,"[{""us"": 48.18944, ""timing"": ""cupti"", ""inputs_cloned"": true}, {""us"": 48.18432, ""timing"": ""cupti"", ""inputs_cloned"": true}, {""us"": 48.13824, ""timing"": ""cupti"", ""inputs_cloned"": true}]"
fp8,h7168,512,8,7168,128,1024,3584,48.88576000000002,1.0,True,"[{""us"": 48.90624, ""timing"": ""cupti"", ""inputs_cloned"": true}, {""us"": 48.88576000000002, ""timing"": ""cupti"", ""inputs_cloned"": true}, {""us"": 48.701440000000005, ""timing"": ""cupti"", ""inputs_cloned"": true}]"
fp8,prefill,4096,8,7168,128,256,114688,502.40511999999995,0.7063775146240548,True,"[{""us"": 502.25663999999995, ""timing"": ""cupti"", ""inputs_cloned"": false}, {""us"": 502.40511999999995, ""timing"": ""cupti"", ""inputs_cloned"": false}, {""us"": 502.50752, ""timing"": ""cupti"", ""inputs_cloned"": false}]"
fp8,prefill,4096,8,7168,128,512,57344,361.92256,0.9805624717066547,True,"[{""us"": 362.02495999999996, ""timing"": ""cupti"", ""inputs_cloned"": false}, {""us"": 361.5129600000001, ""timing"": ""cupti"", ""inputs_cloned"": false}, {""us"": 361.92256, ""timing"": ""cupti"", ""inputs_cloned"": false}]"
fp8,prefill,4096,8,7168,128,1024,28672,354.88768,1.0,True,"[{""us"": 354.9952000000002, ""timing"": ""cupti"", ""inputs_cloned"": false}, {""us"": 354.39616, ""timing"": ""cupti"", ""inputs_cloned"": false}, {""us"": 354.88768, ""timing"": ""cupti"", ""inputs_cloned"": false}]"
quantized,h3072,512,8,3072,128,256,6144,29.76255999999999,0.8004472733528301,True,"[{""us"": 29.757440000000006, ""timing"": ""cupti"", ""inputs_cloned"": true}, {""us"": 29.76255999999999, ""timing"": ""cupti"", ""inputs_cloned"": true}, {""us"": 29.777920000000005, ""timing"": ""cupti"", ""inputs_cloned"": true}]"
quantized,h3072,512,8,3072,128,512,3072,22.9888,1.0363028953229396,True,"[{""us"": 22.978560000000012, ""timing"": ""cupti"", ""inputs_cloned"": true}, {""us"": 22.999040000000004, ""timing"": ""cupti"", ""inputs_cloned"": true}, {""us"": 22.9888, ""timing"": ""cupti"", ""inputs_cloned"": true}]"
quantized,h3072,512,8,3072,128,1024,1536,23.823359999999997,1.0,True,"[{""us"": 23.8336, ""timing"": ""cupti"", ""inputs_cloned"": true}, {""us"": 23.808000000000003, ""timing"": ""cupti"", ""inputs_cloned"": true}, {""us"": 23.823359999999997, ""timing"": ""cupti"", ""inputs_cloned"": true}]"
quantized,h7168,512,8,7168,128,256,14336,62.91967999999999,0.7762226381316627,True,"[{""us"": 62.76095999999999, ""timing"": ""cupti"", ""inputs_cloned"": true}, {""us"": 62.91967999999999, ""timing"": ""cupti"", ""inputs_cloned"": true}, {""us"": 62.92991999999999, ""timing"": ""cupti"", ""inputs_cloned"": true}]"
quantized,h7168,512,8,7168,128,512,7168,48.53247999999999,1.0063297816225343,True,"[{""us"": 48.50176, ""timing"": ""cupti"", ""inputs_cloned"": true}, {""us"": 48.61952, ""timing"": ""cupti"", ""inputs_cloned"": true}, {""us"": 48.53247999999999, ""timing"": ""cupti"", ""inputs_cloned"": true}]"
quantized,h7168,512,8,7168,128,1024,3584,48.83968000000001,1.0,True,"[{""us"": 48.91136, ""timing"": ""cupti"", ""inputs_cloned"": true}, {""us"": 48.82432000000001, ""timing"": ""cupti"", ""inputs_cloned"": true}, {""us"": 48.83968000000001, ""timing"": ""cupti"", ""inputs_cloned"": true}]"
quantized,prefill,4096,8,7168,128,256,114688,510.8224,0.699579031773078,True,"[{""us"": 510.8224, ""timing"": ""cupti"", ""inputs_cloned"": false}, {""us"": 510.94527999999997, ""timing"": ""cupti"", ""inputs_cloned"": false}, {""us"": 510.5971199999999, ""timing"": ""cupti"", ""inputs_cloned"": false}]"
quantized,prefill,4096,8,7168,128,512,57344,364.87167999999997,0.9794145711719803,True,"[{""us"": 364.7692799999999, ""timing"": ""cupti"", ""inputs_cloned"": false}, {""us"": 364.87167999999997, ""timing"": ""cupti"", ""inputs_cloned"": false}, {""us"": 365.76768000000004, ""timing"": ""cupti"", ""inputs_cloned"": false}]"
quantized,prefill,4096,8,7168,128,1024,28672,357.36064,1.0,True,"[{""us"": 357.43744000000015, ""timing"": ""cupti"", ""inputs_cloned"": false}, {""us"": 357.1046400000001, ""timing"": ""cupti"", ""inputs_cloned"": false}, {""us"": 357.36064, ""timing"": ""cupti"", ""inputs_cloned"": false}]"
