variant,workload,T,K,H,dtype,tile_hidden,num_threads,baseline_us,selected_us,speedup,byte_equal,measurements
base,tiny,32,2,256,torch.float16,256,256,3.6966400000000026,3.6096000000000026,1.0241134751773049,True,"[{""implementation"": ""v004"", ""us"": 3.6966400000000026, ""timing"": ""cupti"", ""inputs_cloned"": true}, {""implementation"": ""selected"", ""us"": 3.6096000000000026, ""timing"": ""cupti"", ""inputs_cloned"": true}, {""implementation"": ""selected"", ""us"": 3.5942400000000028, ""timing"": ""cupti"", ""inputs_cloned"": true}, {""implementation"": ""v004"", ""us"": 3.727360000000003, ""timing"": ""cupti"", ""inputs_cloned"": true}, {""implementation"": ""v004"", ""us"": 3.6864000000000026, ""timing"": ""cupti"", ""inputs_cloned"": true}, {""implementation"": ""selected"", ""us"": 3.6096000000000026, ""timing"": ""cupti"", ""inputs_cloned"": true}]"
xsf,tiny,32,2,256,torch.float16,256,256,3.6864000000000026,3.599360000000003,1.0241820768136556,True,"[{""implementation"": ""v004"", ""us"": 3.6608000000000027, ""timing"": ""cupti"", ""inputs_cloned"": true}, {""implementation"": ""selected"", ""us"": 3.584000000000003, ""timing"": ""cupti"", ""inputs_cloned"": true}, {""implementation"": ""selected"", ""us"": 3.604480000000003, ""timing"": ""cupti"", ""inputs_cloned"": true}, {""implementation"": ""v004"", ""us"": 3.6864000000000026, ""timing"": ""cupti"", ""inputs_cloned"": true}, {""implementation"": ""v004"", ""us"": 3.6864000000000026, ""timing"": ""cupti"", ""inputs_cloned"": true}, {""implementation"": ""selected"", ""us"": 3.599360000000003, ""timing"": ""cupti"", ""inputs_cloned"": true}]"
fp8,tiny,32,2,256,torch.float16,256,128,3.9116800000000023,3.9168000000000034,0.998692810457516,True,"[{""implementation"": ""v004"", ""us"": 3.9116800000000023, ""timing"": ""cupti"", ""inputs_cloned"": true}, {""implementation"": ""selected"", ""us"": 3.9168000000000034, ""timing"": ""cupti"", ""inputs_cloned"": true}, {""implementation"": ""selected"", ""us"": 3.9168000000000034, ""timing"": ""cupti"", ""inputs_cloned"": true}, {""implementation"": ""v004"", ""us"": 3.921920000000003, ""timing"": ""cupti"", ""inputs_cloned"": true}, {""implementation"": ""v004"", ""us"": 3.9116800000000023, ""timing"": ""cupti"", ""inputs_cloned"": true}, {""implementation"": ""selected"", ""us"": 3.896320000000003, ""timing"": ""cupti"", ""inputs_cloned"": true}]"
quantized,tiny,32,2,256,torch.float16,256,128,3.921920000000003,3.9168000000000034,1.0013071895424837,True,"[{""implementation"": ""v004"", ""us"": 3.927040000000003, ""timing"": ""cupti"", ""inputs_cloned"": true}, {""implementation"": ""selected"", ""us"": 3.921920000000003, ""timing"": ""cupti"", ""inputs_cloned"": true}, {""implementation"": ""selected"", ""us"": 3.9168000000000034, ""timing"": ""cupti"", ""inputs_cloned"": true}, {""implementation"": ""v004"", ""us"": 3.9168000000000034, ""timing"": ""cupti"", ""inputs_cloned"": true}, {""implementation"": ""v004"", ""us"": 3.921920000000003, ""timing"": ""cupti"", ""inputs_cloned"": true}, {""implementation"": ""selected"", ""us"": 3.901440000000003, ""timing"": ""cupti"", ""inputs_cloned"": true}]"
base,h3072,512,8,3072,torch.bfloat16,3072,256,21.31968,20.776960000000003,1.0261212419911285,True,"[{""implementation"": ""v004"", ""us"": 21.31968, ""timing"": ""cupti"", ""inputs_cloned"": true}, {""implementation"": ""selected"", ""us"": 20.812799999999996, ""timing"": ""cupti"", ""inputs_cloned"": true}, {""implementation"": ""selected"", ""us"": 20.76672, ""timing"": ""cupti"", ""inputs_cloned"": true}, {""implementation"": ""v004"", ""us"": 21.3248, ""timing"": ""cupti"", ""inputs_cloned"": true}, {""implementation"": ""v004"", ""us"": 21.268480000000007, ""timing"": ""cupti"", ""inputs_cloned"": true}, {""implementation"": ""selected"", ""us"": 20.776960000000003, ""timing"": ""cupti"", ""inputs_cloned"": true}]"
xsf,h3072,512,8,3072,torch.bfloat16,3072,256,21.376000000000012,20.751360000000005,1.0301011596348386,True,"[{""implementation"": ""v004"", ""us"": 21.411840000000005, ""timing"": ""cupti"", ""inputs_cloned"": true}, {""implementation"": ""selected"", ""us"": 20.751360000000005, ""timing"": ""cupti"", ""inputs_cloned"": true}, {""implementation"": ""selected"", ""us"": 20.756479999999996, ""timing"": ""cupti"", ""inputs_cloned"": true}, {""implementation"": ""v004"", ""us"": 21.376000000000012, ""timing"": ""cupti"", ""inputs_cloned"": true}, {""implementation"": ""v004"", ""us"": 21.350400000000008, ""timing"": ""cupti"", ""inputs_cloned"": true}, {""implementation"": ""selected"", ""us"": 20.751360000000005, ""timing"": ""cupti"", ""inputs_cloned"": true}]"
fp8,h3072,512,8,3072,torch.bfloat16,512,128,23.843839999999997,22.778880000000004,1.0467520791189027,True,"[{""implementation"": ""v004"", ""us"": 23.843839999999997, ""timing"": ""cupti"", ""inputs_cloned"": true}, {""implementation"": ""selected"", ""us"": 22.794240000000006, ""timing"": ""cupti"", ""inputs_cloned"": true}, {""implementation"": ""selected"", ""us"": 22.778880000000004, ""timing"": ""cupti"", ""inputs_cloned"": true}, {""implementation"": ""v004"", ""us"": 23.823359999999994, ""timing"": ""cupti"", ""inputs_cloned"": true}, {""implementation"": ""v004"", ""us"": 23.8592, ""timing"": ""cupti"", ""inputs_cloned"": true}, {""implementation"": ""selected"", ""us"": 22.72256000000001, ""timing"": ""cupti"", ""inputs_cloned"": true}]"
quantized,h3072,512,8,3072,torch.bfloat16,512,128,23.82336,22.947839999999996,1.0381526104417673,True,"[{""implementation"": ""v004"", ""us"": 23.843840000000004, ""timing"": ""cupti"", ""inputs_cloned"": true}, {""implementation"": ""selected"", ""us"": 22.947839999999996, ""timing"": ""cupti"", ""inputs_cloned"": true}, {""implementation"": ""selected"", ""us"": 22.993920000000006, ""timing"": ""cupti"", ""inputs_cloned"": true}, {""implementation"": ""v004"", ""us"": 23.82336, ""timing"": ""cupti"", ""inputs_cloned"": true}, {""implementation"": ""v004"", ""us"": 23.690240000000006, ""timing"": ""cupti"", ""inputs_cloned"": true}, {""implementation"": ""selected"", ""us"": 22.917120000000008, ""timing"": ""cupti"", ""inputs_cloned"": true}]"
base,h7168,512,8,7168,torch.bfloat16,7168,256,44.35456000000001,44.03712000000001,1.0072084641320778,True,"[{""implementation"": ""v004"", ""us"": 44.40576, ""timing"": ""cupti"", ""inputs_cloned"": true}, {""implementation"": ""selected"", ""us"": 44.067840000000004, ""timing"": ""cupti"", ""inputs_cloned"": true}, {""implementation"": ""selected"", ""us"": 44.03712000000001, ""timing"": ""cupti"", ""inputs_cloned"": true}, {""implementation"": ""v004"", ""us"": 44.34944, ""timing"": ""cupti"", ""inputs_cloned"": true}, {""implementation"": ""v004"", ""us"": 44.35456000000001, ""timing"": ""cupti"", ""inputs_cloned"": true}, {""implementation"": ""selected"", ""us"": 44.03199999999999, ""timing"": ""cupti"", ""inputs_cloned"": true}]"
xsf,h7168,512,8,7168,torch.bfloat16,7168,256,44.48768000000002,44.20095999999999,1.0064867369396509,True,"[{""implementation"": ""v004"", ""us"": 44.523520000000005, ""timing"": ""cupti"", ""inputs_cloned"": true}, {""implementation"": ""selected"", ""us"": 44.20095999999999, ""timing"": ""cupti"", ""inputs_cloned"": true}, {""implementation"": ""selected"", ""us"": 44.24192, ""timing"": ""cupti"", ""inputs_cloned"": true}, {""implementation"": ""v004"", ""us"": 44.44672, ""timing"": ""cupti"", ""inputs_cloned"": true}, {""implementation"": ""v004"", ""us"": 44.48768000000002, ""timing"": ""cupti"", ""inputs_cloned"": true}, {""implementation"": ""selected"", ""us"": 44.17536, ""timing"": ""cupti"", ""inputs_cloned"": true}]"
fp8,h7168,512,8,7168,torch.bfloat16,512,128,48.41471999999999,47.82079999999999,1.0124197002141326,True,"[{""implementation"": ""v004"", ""us"": 48.389120000000005, ""timing"": ""cupti"", ""inputs_cloned"": true}, {""implementation"": ""selected"", ""us"": 47.815679999999986, ""timing"": ""cupti"", ""inputs_cloned"": true}, {""implementation"": ""selected"", ""us"": 47.82079999999999, ""timing"": ""cupti"", ""inputs_cloned"": true}, {""implementation"": ""v004"", ""us"": 48.430080000000004, ""timing"": ""cupti"", ""inputs_cloned"": true}, {""implementation"": ""v004"", ""us"": 48.41471999999999, ""timing"": ""cupti"", ""inputs_cloned"": true}, {""implementation"": ""selected"", ""us"": 47.90783999999999, ""timing"": ""cupti"", ""inputs_cloned"": true}]"
quantized,h7168,512,8,7168,torch.bfloat16,512,128,48.53760000000001,48.16895999999998,1.0076530612244905,True,"[{""implementation"": ""v004"", ""us"": 48.53760000000001, ""timing"": ""cupti"", ""inputs_cloned"": true}, {""implementation"": ""selected"", ""us"": 48.16895999999998, ""timing"": ""cupti"", ""inputs_cloned"": true}, {""implementation"": ""selected"", ""us"": 48.21504000000001, ""timing"": ""cupti"", ""inputs_cloned"": true}, {""implementation"": ""v004"", ""us"": 48.55295999999999, ""timing"": ""cupti"", ""inputs_cloned"": true}, {""implementation"": ""v004"", ""us"": 48.49664000000001, ""timing"": ""cupti"", ""inputs_cloned"": true}, {""implementation"": ""selected"", ""us"": 48.14336, ""timing"": ""cupti"", ""inputs_cloned"": true}]"
base,prefill,4096,8,7168,torch.bfloat16,7168,256,357.9136000000001,350.8684799999999,1.0200790906039783,True,"[{""implementation"": ""v004"", ""us"": 357.9596800000001, ""timing"": ""cupti"", ""inputs_cloned"": false}, {""implementation"": ""selected"", ""us"": 350.6944, ""timing"": ""cupti"", ""inputs_cloned"": false}, {""implementation"": ""selected"", ""us"": 350.8684799999999, ""timing"": ""cupti"", ""inputs_cloned"": false}, {""implementation"": ""v004"", ""us"": 357.9136000000001, ""timing"": ""cupti"", ""inputs_cloned"": false}, {""implementation"": ""v004"", ""us"": 357.84704000000005, ""timing"": ""cupti"", ""inputs_cloned"": false}, {""implementation"": ""selected"", ""us"": 352.28159999999997, ""timing"": ""cupti"", ""inputs_cloned"": false}]"
xsf,prefill,4096,8,7168,torch.bfloat16,7168,256,358.35392000000013,352.9267200000002,1.0153776965371166,True,"[{""implementation"": ""v004"", ""us"": 358.35392000000013, ""timing"": ""cupti"", ""inputs_cloned"": false}, {""implementation"": ""selected"", ""us"": 353.07008, ""timing"": ""cupti"", ""inputs_cloned"": false}, {""implementation"": ""selected"", ""us"": 352.9267200000002, ""timing"": ""cupti"", ""inputs_cloned"": false}, {""implementation"": ""v004"", ""us"": 358.2873600000001, ""timing"": ""cupti"", ""inputs_cloned"": false}, {""implementation"": ""v004"", ""us"": 358.5587200000001, ""timing"": ""cupti"", ""inputs_cloned"": false}, {""implementation"": ""selected"", ""us"": 352.8908800000001, ""timing"": ""cupti"", ""inputs_cloned"": false}]"
fp8,prefill,4096,8,7168,torch.bfloat16,1024,128,354.41664000000003,354.39616,1.0000577884365338,True,"[{""implementation"": ""v004"", ""us"": 354.31936, ""timing"": ""cupti"", ""inputs_cloned"": false}, {""implementation"": ""selected"", ""us"": 355.11296000000004, ""timing"": ""cupti"", ""inputs_cloned"": false}, {""implementation"": ""selected"", ""us"": 354.37056000000007, ""timing"": ""cupti"", ""inputs_cloned"": false}, {""implementation"": ""v004"", ""us"": 355.06176, ""timing"": ""cupti"", ""inputs_cloned"": false}, {""implementation"": ""v004"", ""us"": 354.41664000000003, ""timing"": ""cupti"", ""inputs_cloned"": false}, {""implementation"": ""selected"", ""us"": 354.39616, ""timing"": ""cupti"", ""inputs_cloned"": false}]"
quantized,prefill,4096,8,7168,torch.bfloat16,1024,128,358.17984,358.9632,0.9978177150192555,True,"[{""implementation"": ""v004"", ""us"": 358.53824000000014, ""timing"": ""cupti"", ""inputs_cloned"": false}, {""implementation"": ""selected"", ""us"": 358.2976000000001, ""timing"": ""cupti"", ""inputs_cloned"": false}, {""implementation"": ""selected"", ""us"": 358.9632, ""timing"": ""cupti"", ""inputs_cloned"": false}, {""implementation"": ""v004"", ""us"": 357.85216, ""timing"": ""cupti"", ""inputs_cloned"": false}, {""implementation"": ""v004"", ""us"": 358.17984, ""timing"": ""cupti"", ""inputs_cloned"": false}, {""implementation"": ""selected"", ""us"": 359.29600000000005, ""timing"": ""cupti"", ""inputs_cloned"": false}]"
