variant,workload,name,grid_hidden_first,latency_us,speedup_vs_v022,latency_reduction_pct,byte_equal,measurements
fp8,h3072,v022,False,22.78912000000001,1.0,0.0,True,"[{""us"": 22.79424000000001, ""timing"": ""cupti"", ""inputs_cloned"": true}, {""us"": 22.86080000000001, ""timing"": ""cupti"", ""inputs_cloned"": true}, {""us"": 22.789120000000004, ""timing"": ""cupti"", ""inputs_cloned"": true}, {""us"": 22.773760000000003, ""timing"": ""cupti"", ""inputs_cloned"": true}, {""us"": 22.78912000000001, ""timing"": ""cupti"", ""inputs_cloned"": true}]"
fp8,h3072,prefetch8_current_grid,False,21.125120000000003,1.0787687833252548,7.301729948326252,True,"[{""us"": 21.114880000000003, ""timing"": ""cupti"", ""inputs_cloned"": true}, {""us"": 21.125120000000003, ""timing"": ""cupti"", ""inputs_cloned"": true}, {""us"": 21.125120000000003, ""timing"": ""cupti"", ""inputs_cloned"": true}, {""us"": 21.16096, ""timing"": ""cupti"", ""inputs_cloned"": true}, {""us"": 21.10976, ""timing"": ""cupti"", ""inputs_cloned"": true}]"
quantized,h3072,v022,False,22.993920000000003,1.0,0.0,True,"[{""us"": 22.983680000000003, ""timing"": ""cupti"", ""inputs_cloned"": true}, {""us"": 22.993920000000003, ""timing"": ""cupti"", ""inputs_cloned"": true}, {""us"": 23.009280000000008, ""timing"": ""cupti"", ""inputs_cloned"": true}, {""us"": 22.988800000000005, ""timing"": ""cupti"", ""inputs_cloned"": true}, {""us"": 23.004160000000002, ""timing"": ""cupti"", ""inputs_cloned"": true}]"
quantized,h3072,prefetch8_current_grid,False,22.282240000000012,1.0319393382352937,3.095079046982818,True,"[{""us"": 22.282240000000012, ""timing"": ""cupti"", ""inputs_cloned"": true}, {""us"": 22.29760000000001, ""timing"": ""cupti"", ""inputs_cloned"": true}, {""us"": 22.241280000000007, ""timing"": ""cupti"", ""inputs_cloned"": true}, {""us"": 22.29760000000001, ""timing"": ""cupti"", ""inputs_cloned"": true}, {""us"": 22.18496000000001, ""timing"": ""cupti"", ""inputs_cloned"": true}]"
fp8,h7168,v022,True,46.64832000000001,1.0,0.0,True,"[{""us"": 46.61759999999998, ""timing"": ""cupti"", ""inputs_cloned"": true}, {""us"": 46.673919999999995, ""timing"": ""cupti"", ""inputs_cloned"": true}, {""us"": 46.60223999999998, ""timing"": ""cupti"", ""inputs_cloned"": true}, {""us"": 46.64832000000001, ""timing"": ""cupti"", ""inputs_cloned"": true}, {""us"": 46.65344, ""timing"": ""cupti"", ""inputs_cloned"": true}]"
fp8,h7168,prefetch8_current_grid,True,43.22815999999998,1.0791187966362674,7.3317967292284685,True,"[{""us"": 43.233279999999986, ""timing"": ""cupti"", ""inputs_cloned"": true}, {""us"": 43.22815999999998, ""timing"": ""cupti"", ""inputs_cloned"": true}, {""us"": 43.21279999999999, ""timing"": ""cupti"", ""inputs_cloned"": true}, {""us"": 43.26399999999999, ""timing"": ""cupti"", ""inputs_cloned"": true}, {""us"": 43.192319999999995, ""timing"": ""cupti"", ""inputs_cloned"": true}]"
fp8,h7168,prefetch8_old_grid,False,44.33408000000002,1.0522000230973552,4.961036110196448,True,"[{""us"": 44.39040000000001, ""timing"": ""cupti"", ""inputs_cloned"": true}, {""us"": 44.32384, ""timing"": ""cupti"", ""inputs_cloned"": true}, {""us"": 44.35968000000002, ""timing"": ""cupti"", ""inputs_cloned"": true}, {""us"": 44.33408000000002, ""timing"": ""cupti"", ""inputs_cloned"": true}, {""us"": 44.32384000000002, ""timing"": ""cupti"", ""inputs_cloned"": true}]"
quantized,h7168,v022,True,46.95039999999999,1.0,0.0,True,"[{""us"": 47.01183999999999, ""timing"": ""cupti"", ""inputs_cloned"": true}, {""us"": 46.95039999999999, ""timing"": ""cupti"", ""inputs_cloned"": true}, {""us"": 46.94528, ""timing"": ""cupti"", ""inputs_cloned"": true}, {""us"": 46.935039999999994, ""timing"": ""cupti"", ""inputs_cloned"": true}, {""us"": 46.975999999999985, ""timing"": ""cupti"", ""inputs_cloned"": true}]"
quantized,h7168,prefetch8_current_grid,True,44.97407999999999,1.0439435336976322,4.209378407851694,True,"[{""us"": 44.93312, ""timing"": ""cupti"", ""inputs_cloned"": true}, {""us"": 45.09183999999999, ""timing"": ""cupti"", ""inputs_cloned"": true}, {""us"": 44.97407999999999, ""timing"": ""cupti"", ""inputs_cloned"": true}, {""us"": 44.96896000000001, ""timing"": ""cupti"", ""inputs_cloned"": true}, {""us"": 45.02015999999999, ""timing"": ""cupti"", ""inputs_cloned"": true}]"
quantized,h7168,prefetch8_old_grid,False,45.53728000000001,1.0310321565100062,3.0098146128680003,True,"[{""us"": 45.53728000000001, ""timing"": ""cupti"", ""inputs_cloned"": true}, {""us"": 45.63968, ""timing"": ""cupti"", ""inputs_cloned"": true}, {""us"": 45.52192000000001, ""timing"": ""cupti"", ""inputs_cloned"": true}, {""us"": 45.516799999999996, ""timing"": ""cupti"", ""inputs_cloned"": true}, {""us"": 45.60384000000001, ""timing"": ""cupti"", ""inputs_cloned"": true}]"
