variant,workload,name,latency_us,speedup,byte_equal,measurements
fp8,h3072,current,22.737920000000003,1.0,True,"[{""us"": 22.702080000000002, ""timing"": ""cupti"", ""inputs_cloned"": true}, {""us"": 22.737920000000003, ""timing"": ""cupti"", ""inputs_cloned"": true}, {""us"": 22.748160000000002, ""timing"": ""cupti"", ""inputs_cloned"": true}, {""us"": 22.722559999999998, ""timing"": ""cupti"", ""inputs_cloned"": true}, {""us"": 22.743040000000008, ""timing"": ""cupti"", ""inputs_cloned"": true}]"
fp8,h3072,direct_geometry,22.737920000000013,0.9999999999999996,True,"[{""us"": 22.737920000000013, ""timing"": ""cupti"", ""inputs_cloned"": true}, {""us"": 22.717440000000014, ""timing"": ""cupti"", ""inputs_cloned"": true}, {""us"": 22.748160000000006, ""timing"": ""cupti"", ""inputs_cloned"": true}, {""us"": 22.748160000000002, ""timing"": ""cupti"", ""inputs_cloned"": true}, {""us"": 22.72256, ""timing"": ""cupti"", ""inputs_cloned"": true}]"
fp8,h3072,register8,21.073919999999998,1.078960155490768,True,"[{""us"": 21.12, ""timing"": ""cupti"", ""inputs_cloned"": true}, {""us"": 21.058559999999996, ""timing"": ""cupti"", ""inputs_cloned"": true}, {""us"": 21.109759999999998, ""timing"": ""cupti"", ""inputs_cloned"": true}, {""us"": 21.068799999999996, ""timing"": ""cupti"", ""inputs_cloned"": true}, {""us"": 21.073919999999998, ""timing"": ""cupti"", ""inputs_cloned"": true}]"
quantized,h3072,current,22.958080000000006,1.0,True,"[{""us"": 22.958080000000006, ""timing"": ""cupti"", ""inputs_cloned"": true}, {""us"": 22.952960000000004, ""timing"": ""cupti"", ""inputs_cloned"": true}, {""us"": 22.993920000000006, ""timing"": ""cupti"", ""inputs_cloned"": true}, {""us"": 22.958079999999995, ""timing"": ""cupti"", ""inputs_cloned"": true}, {""us"": 22.973440000000004, ""timing"": ""cupti"", ""inputs_cloned"": true}]"
quantized,h3072,direct_geometry,22.94272000000001,1.000669493416648,True,"[{""us"": 22.94272000000001, ""timing"": ""cupti"", ""inputs_cloned"": true}, {""us"": 22.98368, ""timing"": ""cupti"", ""inputs_cloned"": true}, {""us"": 22.94272, ""timing"": ""cupti"", ""inputs_cloned"": true}, {""us"": 22.93248000000001, ""timing"": ""cupti"", ""inputs_cloned"": true}, {""us"": 22.999040000000004, ""timing"": ""cupti"", ""inputs_cloned"": true}]"
quantized,h3072,register8,22.359040000000004,1.0267918479505382,True,"[{""us"": 22.37440000000001, ""timing"": ""cupti"", ""inputs_cloned"": true}, {""us"": 22.333440000000007, ""timing"": ""cupti"", ""inputs_cloned"": true}, {""us"": 22.359040000000004, ""timing"": ""cupti"", ""inputs_cloned"": true}, {""us"": 22.364160000000005, ""timing"": ""cupti"", ""inputs_cloned"": true}, {""us"": 22.338559999999998, ""timing"": ""cupti"", ""inputs_cloned"": true}]"
fp8,h7168,current,48.06655999999999,1.0,True,"[{""us"": 48.06655999999999, ""timing"": ""cupti"", ""inputs_cloned"": true}, {""us"": 48.07167999999999, ""timing"": ""cupti"", ""inputs_cloned"": true}, {""us"": 48.02048, ""timing"": ""cupti"", ""inputs_cloned"": true}, {""us"": 48.09215999999999, ""timing"": ""cupti"", ""inputs_cloned"": true}, {""us"": 48.05632000000001, ""timing"": ""cupti"", ""inputs_cloned"": true}]"
fp8,h7168,direct_geometry,48.071679999999986,0.9998934923847056,True,"[{""us"": 48.06656, ""timing"": ""cupti"", ""inputs_cloned"": true}, {""us"": 48.09215999999999, ""timing"": ""cupti"", ""inputs_cloned"": true}, {""us"": 48.071679999999986, ""timing"": ""cupti"", ""inputs_cloned"": true}, {""us"": 48.071680000000015, ""timing"": ""cupti"", ""inputs_cloned"": true}, {""us"": 48.056319999999985, ""timing"": ""cupti"", ""inputs_cloned"": true}]"
fp8,h7168,register8,44.27264,1.0856944605065337,True,"[{""us"": 44.27264, ""timing"": ""cupti"", ""inputs_cloned"": true}, {""us"": 44.27776, ""timing"": ""cupti"", ""inputs_cloned"": true}, {""us"": 44.226560000000006, ""timing"": ""cupti"", ""inputs_cloned"": true}, {""us"": 44.282879999999984, ""timing"": ""cupti"", ""inputs_cloned"": true}, {""us"": 44.26752000000001, ""timing"": ""cupti"", ""inputs_cloned"": true}]"
quantized,h7168,current,48.57344000000002,1.0,True,"[{""us"": 48.55808000000001, ""timing"": ""cupti"", ""inputs_cloned"": true}, {""us"": 48.57344000000002, ""timing"": ""cupti"", ""inputs_cloned"": true}, {""us"": 48.547840000000015, ""timing"": ""cupti"", ""inputs_cloned"": true}, {""us"": 48.59904, ""timing"": ""cupti"", ""inputs_cloned"": true}, {""us"": 48.60416, ""timing"": ""cupti"", ""inputs_cloned"": true}]"
quantized,h7168,direct_geometry,48.54272000000001,1.000632844636642,True,"[{""us"": 48.54272000000001, ""timing"": ""cupti"", ""inputs_cloned"": true}, {""us"": 48.52224000000002, ""timing"": ""cupti"", ""inputs_cloned"": true}, {""us"": 48.58368000000002, ""timing"": ""cupti"", ""inputs_cloned"": true}, {""us"": 48.57856000000002, ""timing"": ""cupti"", ""inputs_cloned"": true}, {""us"": 48.537600000000005, ""timing"": ""cupti"", ""inputs_cloned"": true}]"
quantized,h7168,register8,45.4656,1.0683558558558561,True,"[{""us"": 45.4656, ""timing"": ""cupti"", ""inputs_cloned"": true}, {""us"": 45.50144, ""timing"": ""cupti"", ""inputs_cloned"": true}, {""us"": 45.480959999999996, ""timing"": ""cupti"", ""inputs_cloned"": true}, {""us"": 45.44000000000001, ""timing"": ""cupti"", ""inputs_cloned"": true}, {""us"": 45.363199999999985, ""timing"": ""cupti"", ""inputs_cloned"": true}]"
