variant,op,label,case,T,K,H,dtype,flops,semantic_bytes,ai_flop_per_byte,latency_ms,performance_tflops,semantic_tbps,timing
Base,MoeReduceFusedFwdOp,tiny,tiny,32,2,256,float16,32768,49664,0.6597938144329897,0.0037017600000000027,0.008852005532503452,0.013416320885200544,cupti
Base,MoeReduceFusedFwdOp,h3072,h3072,512,8,3072,bfloat16,25165824,28344320,0.8878612716763006,0.021263360000000005,1.1835299783289186,1.3330122802793158,cupti
Base,MoeReduceFusedFwdOp,h7168,h7168,512,8,7168,bfloat16,58720256,66093056,0.888448190381755,0.04443648000000001,1.321442562507201,1.4873602949648574,cupti
Base,MoeReduceFusedFwdOp,prefill,prefill,4096,8,7168,bfloat16,469762048,528744448,0.888448190381755,0.35742208000000014,1.314306178286467,1.4793278803592653,cupti
WithXsf,MoeReduceFusedWithXsfFwdOp,tiny-xsf,tiny,32,2,256,float16,32832,49920,0.6576923076923077,0.003712000000000003,0.00884482758620689,0.013448275862068955,cupti
WithXsf,MoeReduceFusedWithXsfFwdOp,h3072-xsf,h3072,512,8,3072,bfloat16,25169920,28360704,0.8874927787406124,0.021386240000000008,1.1769212353363656,1.326119224323677,cupti
WithXsf,MoeReduceFusedWithXsfFwdOp,h7168-xsf,h7168,512,8,7168,bfloat16,58724352,66109440,0.8882899628252788,0.04454912,1.3181933111136652,1.4839673600735548,cupti
WithXsf,MoeReduceFusedWithXsfFwdOp,prefill-xsf,prefill,4096,8,7168,bfloat16,469794816,528875520,0.8882899628252788,0.35885568000000007,1.3091469417454948,1.4737833326199545,cupti
FP8,MoeReduceFusedFp8FwdOp,tiny-fp8,tiny,32,2,256,float16,40960,41476,0.987559070305719,0.004843520000000002,0.008456659619450314,0.008563193710359405,cupti
FP8,MoeReduceFusedFp8FwdOp,h3072-fp8,h3072,512,8,3072,bfloat16,26738688,26771460,0.9987758605619567,0.04204031999999999,0.636024844720497,0.6368043820789188,cupti
FP8,MoeReduceFusedFp8FwdOp,h7168-fp8,h7168,512,8,7168,bfloat16,62390272,62423044,0.999475001571535,0.09440768,0.660860133412875,0.6612072661885136,cupti
FP8,MoeReduceFusedFp8FwdOp,prefill-fp8,prefill,4096,8,7168,bfloat16,499122176,499384324,0.9994750576111396,0.42791424000000006,1.1664070258563959,1.1670196439361307,cupti
Quantized,MoeReduceFusedQuantizedFwdOp,tiny-quantized,tiny,32,2,256,float16,41024,41732,0.9830346017444647,0.004833280000000003,0.008487817796610165,0.008634302171610164,cupti
Quantized,MoeReduceFusedQuantizedFwdOp,h3072-quantized,h3072,512,8,3072,bfloat16,26742784,26787844,0.9983178937431471,0.04213759999999998,0.6346537059538278,0.6357230596901583,cupti
Quantized,MoeReduceFusedQuantizedFwdOp,h7168-quantized,h7168,512,8,7168,bfloat16,62394368,62439428,0.9992783406023514,0.09392639999999998,0.6642899972744619,0.6647697346007089,cupti
Quantized,MoeReduceFusedQuantizedFwdOp,prefill-quantized,prefill,4096,8,7168,bfloat16,499154944,499515396,0.9992783966162276,0.43163135999999996,1.1564380864263433,1.157273178668019,cupti
