variant,role_layout,threads,ctas,elements_per_quad,v029_us,v030_us,v031_us,reduction_vs_v029_pct,reduction_vs_v030_pct,byte_equal,timing,rounds
Base,adjacent,256,32,4,3.6505600000000027,3.353600000000003,3.5737600000000027,2.103786816269282,-6.564885496183193,True,cupti,5
Base,adjacent,512,32,2,3.614720000000003,3.353600000000003,3.584000000000003,0.8498583569405027,-6.870229007633588,True,cupti,5
Base,adjacent,1024,32,1,3.6096000000000026,3.353600000000003,3.8860800000000033,-7.659574468085117,-15.877862595419856,True,cupti,5
Base,striped16,256,32,4,3.614720000000003,3.3382400000000025,3.5788800000000025,0.9915014164306069,-7.208588957055206,True,cupti,5
Base,striped16,512,32,2,3.614720000000003,3.3587200000000026,3.9065600000000034,-8.073654390934859,-16.310975609756117,True,cupti,5
Base,striped16,1024,32,1,3.6300800000000026,3.3638400000000024,3.9065600000000034,-7.616361071932309,-16.133942161339434,True,cupti,5
XSF,adjacent,256,32,4,3.5584000000000024,3.3894400000000022,3.9065600000000034,-9.784172661870528,-15.256797583081605,True,cupti,5
XSF,adjacent,512,32,2,3.5686400000000025,3.3894400000000022,3.998720000000003,-12.051649928263997,-17.97583081570999,True,cupti,5
XSF,adjacent,1024,32,1,3.5686400000000025,3.3740800000000024,4.357120000000003,-22.094691535150645,-29.13505311077389,True,cupti,5
XSF,striped16,256,32,4,3.5584000000000024,3.3843200000000024,3.9680000000000026,-11.51079136690647,-17.2465960665658,True,cupti,5
XSF,striped16,512,32,2,3.5635200000000027,3.3843200000000024,4.331520000000003,-21.55172413793103,-27.987897125567308,True,cupti,5
XSF,striped16,1024,32,1,3.5737600000000027,3.384320000000002,4.352000000000004,-21.776504297994293,-28.593040847201245,True,cupti,5
FP8,adjacent,256,32,4,3.6812800000000028,3.614720000000003,4.024320000000003,-9.31849791376913,-11.3314447592068,True,cupti,5
FP8,adjacent,512,32,2,3.691520000000003,3.6096000000000026,4.019200000000003,-8.876560332871009,-11.34751773049647,True,cupti,5
FP8,adjacent,1024,32,1,3.6966400000000026,3.624960000000003,4.096000000000003,-10.803324099722978,-12.994350282485856,True,cupti,5
FP8,striped16,256,32,4,3.7068800000000026,3.624960000000003,4.2291200000000035,-14.088397790055263,-16.666666666666675,True,cupti,5
FP8,striped16,512,32,2,3.6864000000000026,3.6096000000000026,4.264960000000003,-15.694444444444455,-18.15602836879433,True,cupti,5
FP8,striped16,1024,32,1,3.7171200000000026,3.624960000000003,4.070400000000003,-9.50413223140496,-12.288135593220328,True,cupti,5
Quantized,adjacent,256,32,4,3.6761600000000025,3.6505600000000027,4.433920000000003,-20.61281337047354,-21.458625525946708,True,cupti,5
Quantized,adjacent,512,32,2,3.6505600000000027,3.635200000000003,4.459520000000002,-22.159887798036436,-22.67605633802814,True,cupti,5
Quantized,adjacent,1024,32,1,3.6608000000000027,3.6454400000000025,4.520960000000002,-23.496503496503472,-24.016853932584258,True,cupti,5
Quantized,striped16,256,32,4,3.655680000000003,3.6454400000000025,4.654080000000002,-27.31092436974787,-27.66853932584268,True,cupti,5
Quantized,striped16,512,32,2,3.6403200000000027,3.6505600000000027,4.700160000000002,-29.113924050632868,-28.75175315568019,True,cupti,5
Quantized,striped16,1024,32,1,3.6608000000000027,3.6505600000000027,4.531200000000002,-23.776223776223727,-24.123422159887763,True,cupti,5
