version,variant,workload,hbm_usage_pct,native_bandwidth_GBs,native_roof_GBs,native_cycles,native_core_clk_GHz,native_bytes,source_record,source_sha256,image,reused,report_reference_GBs,hbm_usage_reference_1p5_pct
final,base,tiny,1.4023560282891783,25.848226313426135,1843.2,2227.0,1.125,51168.0,profiles/FINAL_REDUCE_FUSED/raw/hbm_native/roofline_no_warmup_20261009T112153/mcprofiler_output/17_hbm_final_base_tiny_kernel.txt.json,8e02afe4193916786b61e157de9ed624db29e47a4215d4afec37b7742073433e,profiles/FINAL_REDUCE_FUSED/analysis/hbm_native/verified_hbm_final_base_tiny.png,False,1500.0,1.7232150875617422
final,base,h3072,72.93519023457257,1344.341426403642,1843.2,23724.0,1.125,28349472.0,profiles/FINAL_REDUCE_FUSED/raw/hbm_native/roofline_remaining_20261009T111031/mcprofiler_output/1_hbm_final_base_h3072_kernel.txt.json,de1994089fd34c5484d8b229bdd4bdd1e4150b763e46ba69be89bc217c6befe2,profiles/FINAL_REDUCE_FUSED/analysis/hbm_native/verified_hbm_final_base_h3072.png,False,1500.0,89.62276176024278
final,base,h7168,81.55852489235464,1503.286730815881,1843.2,49468.0,1.125,66101856.0,profiles/FINAL_REDUCE_FUSED/raw/hbm_native/roofline_no_warmup_20261009T112153/mcprofiler_output/5_hbm_final_base_h7168_kernel.txt.json,aad40e9ce3de5db1bf73970eb4cac50383f564a83aa70df377b5ca9000c076e3,profiles/FINAL_REDUCE_FUSED/analysis/hbm_native/verified_hbm_final_base_h7168.png,False,1500.0,100.2191153877254
final,base,prefill,82.01482596498874,1511.6972721866725,1843.2,393502.0,1.125,528760800.0,profiles/FINAL_REDUCE_FUSED/raw/hbm_native/roofline_no_warmup_20261009T112153/mcprofiler_output/11_hbm_final_base_prefill_kernel.txt.json,88561aa46622844009ced969dc18889f80bd8155cdb255ebe755fe0639530acc,profiles/FINAL_REDUCE_FUSED/analysis/hbm_native/verified_hbm_final_base_prefill.png,False,1500.0,100.77981814577817
final,xsf,tiny,1.3866674868766404,25.559055118110237,1843.2,2286.0,1.125,51936.0,profiles/FINAL_REDUCE_FUSED/raw/hbm_native/roofline_no_warmup_20261009T112153/mcprofiler_output/19_hbm_final_xsf_tiny_kernel.txt.json,e896f64d01543f75d71beb992588be70cbb410135c2e337cff577da7e1cb5921,profiles/FINAL_REDUCE_FUSED/analysis/hbm_native/verified_hbm_final_xsf_tiny.png,False,1500.0,1.7039370078740157
final,xsf,h3072,70.83002538966616,1305.5390279823268,1843.2,24444.0,1.125,28366752.0,profiles/FINAL_REDUCE_FUSED/raw/hbm_native/roofline_no_warmup_20261009T112153/mcprofiler_output/2_hbm_final_xsf_h3072_kernel.txt.json,e87c04399eb36ea7aab80de4133aca0cd9bdeff1d1674385b2b84ab46e0920d5,profiles/FINAL_REDUCE_FUSED/analysis/hbm_native/verified_hbm_final_xsf_h3072.png,False,1500.0,87.03593519882179
final,xsf,h7168,81.5340033985093,1502.8347506413234,1843.2,49507.0,1.125,66134080.0,profiles/FINAL_REDUCE_FUSED/raw/hbm_native/roofline_no_warmup_20261009T112153/mcprofiler_output/7_hbm_final_xsf_h7168_kernel.txt.json,cb5b1b7c512557ab8eefb96b80d6b73c8dd20f8321a205ca0f03b62409632652,profiles/FINAL_REDUCE_FUSED/analysis/hbm_native/verified_hbm_final_xsf_h7168.png,False,1500.0,100.18898337608822
final,xsf,prefill,81.80927178232523,1507.9084974918185,1843.2,395705.0,1.125,530388384.0,profiles/FINAL_REDUCE_FUSED/raw/hbm_native/roofline_no_warmup_20261009T112153/mcprofiler_output/13_hbm_final_xsf_prefill_kernel.txt.json,69805182a3d459a8f83fe89a86a1cc5571b7d3edfceda4f32aa4df175156aa2b,profiles/FINAL_REDUCE_FUSED/analysis/hbm_native/verified_hbm_final_xsf_prefill.png,False,1500.0,100.52723316612123
final,fp8,tiny,0.9776659604519775,18.02033898305085,1843.2,2655.0,1.125,42528.0,profiles/FINAL_REDUCE_FUSED/raw/hbm_native/roofline_no_warmup_20261009T112153/mcprofiler_output/20_hbm_final_fp8_tiny_kernel.txt.json,485d06eefa4100c99e0709d93354efee45178522538a44e04f86e7d5abc7c444,profiles/FINAL_REDUCE_FUSED/analysis/hbm_native/verified_hbm_final_fp8_tiny.png,False,1500.0,1.20135593220339
final,fp8,h3072,74.64032177511416,1375.7704109589042,1843.2,21900.0,1.125,26781664.0,profiles/FINAL_REDUCE_FUSED/raw/hbm_native/roofline_resume_20261009T110511_final_fp8_h3072/mcprofiler_output/1_reduce_fused_kernel_kernel.txt.json,36bf18f1d9d3c9ed48cb948ae5d98fa00631269d13e9ba82f2ea1d2fdeed6786,profiles/FINAL_REDUCE_FUSED/analysis/hbm_native/verified_hbm_final_fp8_h3072.png,False,1500.0,91.71802739726029
final,fp8,h7168,72.9802495331354,1345.1719593947519,1843.2,52210.0,1.125,62427936.0,profiles/FINAL_REDUCE_FUSED/raw/hbm_native/roofline_no_warmup_20261009T112153/mcprofiler_output/8_hbm_final_fp8_h7168_kernel.txt.json,4c4731fdd33464960d25a15b22b544e8bc7ecef1862b8f5f33b265c20772d148,profiles/FINAL_REDUCE_FUSED/analysis/hbm_native/verified_hbm_final_fp8_h7168.png,False,1500.0,89.67813062631679
final,fp8,prefill,81.17148823021469,1496.1528710593172,1843.2,375506.0,1.125,499390560.0,profiles/FINAL_REDUCE_FUSED/raw/hbm_native/roofline_no_warmup_20261009T112153/mcprofiler_output/14_hbm_final_fp8_prefill_kernel.txt.json,5cf355531617c02570bffc5ae58718f37879acc1c025bf4b0667675dcd908e27,profiles/FINAL_REDUCE_FUSED/analysis/hbm_native/verified_hbm_final_fp8_prefill.png,False,1500.0,99.74352473728781
final,quantized,tiny,1.1286737547488392,20.803714647530605,1843.2,2369.0,1.125,43808.0,profiles/FINAL_REDUCE_FUSED/raw/hbm_native/roofline_no_warmup_20261009T112153/mcprofiler_output/22_hbm_final_quantized_tiny_kernel.txt.json,f8395a4a8f3175dfba4e4bdc239e344c2eeb1357a80c0657a833219c72baae42,profiles/FINAL_REDUCE_FUSED/analysis/hbm_native/verified_hbm_final_quantized_tiny.png,False,1500.0,1.3869143098353738
final,quantized,h3072,61.697582982955616,1137.209849541838,1843.2,26519.0,1.125,26806816.0,profiles/FINAL_REDUCE_FUSED/raw/hbm_native/roofline_no_warmup_20261009T112153/mcprofiler_output/4_hbm_final_quantized_h3072_kernel.txt.json,6a8b94b0a9ae4c4a15b12c3c67e94e7959ca2fad832e8d353bf20222044aee7e,profiles/FINAL_REDUCE_FUSED/analysis/hbm_native/verified_hbm_final_quantized_h3072.png,False,1500.0,75.81398996945586
final,quantized,h7168,75.53097380754215,1392.186909220617,1843.2,50463.0,1.125,62447936.0,profiles/FINAL_REDUCE_FUSED/raw/hbm_native/roofline_no_warmup_20261009T112153/mcprofiler_output/10_hbm_final_quantized_h7168_kernel.txt.json,69f50f45474a551b1c0cb8645df67afc2353dc3e4694db0ffda19a1b774aabce,profiles/FINAL_REDUCE_FUSED/analysis/hbm_native/verified_hbm_final_quantized_h7168.png,False,1500.0,92.8124606147078
final,quantized,prefill,81.22744291029808,1497.1842277226144,1843.2,376458.0,1.125,501001760.0,profiles/FINAL_REDUCE_FUSED/raw/hbm_native/roofline_no_warmup_20261009T112153/mcprofiler_output/16_hbm_final_quantized_prefill_kernel.txt.json,d062638c80fcf8144d82fcfc0c3849a4546b11a1e018e320fe6dac4bf714b06e,profiles/FINAL_REDUCE_FUSED/analysis/hbm_native/verified_hbm_final_quantized_prefill.png,False,1500.0,99.8122818481743
v000,base,tiny,1.2102922109104879,22.308106031502113,1843.2,2603.0,1.125,51616.0,profiles/v021_SUM/v000-roofline/raw/v000_base_tiny_T32_K2_H256/mcprofiler_output/1_reduce_fused_kernel_kernel.txt.json,7c16d1a782c7a2644b54be1b98940699cb9f1261915254268cc5f657f42b1700,profiles/v021_SUM/v000-roofline/v000_base_tiny_T32_K2_H256.png,True,1500.0,1.4872070687668075
v000,base,h3072,78.6891512436906,1450.3984357237052,1843.2,21991.0,1.125,28351744.0,profiles/v021_SUM/v000-roofline/raw/v000_base_h3072_T512_K8_H3072/mcprofiler_output/1_reduce_fused_kernel_kernel.txt.json,e3c8a61ba0d250de8d90cbf1594916e567ffcde870698cc2d66601b5f163e1da,profiles/v021_SUM/v000-roofline/v000_base_h3072_T512_K8_H3072.png,True,1500.0,96.69322904824702
v000,base,h7168,84.40610912233542,1555.7734033428865,1843.2,47803.0,1.125,66107232.0,profiles/v021_SUM/v000-roofline/raw/v000_base_h7168_T512_K8_H7168/mcprofiler_output/1_reduce_fused_kernel_kernel.txt.json,6d4dc22c14c61be83129ca1e88c4b5ff4e4d6e65c02c624152a313b52619af49,profiles/v021_SUM/v000-roofline/v000_base_h7168_T512_K8_H7168.png,True,1500.0,103.71822688952577
v000,base,prefill,80.84450552882869,1490.1259259073704,1843.2,399203.0,1.125,528766880.0,profiles/v021_SUM/v000-roofline/raw/v000_base_prefill_T4096_K8_H7168/mcprofiler_output/1_reduce_fused_kernel_kernel.txt.json,1d73845bf70548f7a096c8d24d678525685e16961b8d129703587a1895cdbd93,profiles/v021_SUM/v000-roofline/v000_base_prefill_T4096_K8_H7168.png,True,1500.0,99.3417283938247
v000,xsf,tiny,1.2435943016869362,22.921930168693606,1843.2,2549.0,1.125,51936.0,profiles/FINAL_REDUCE_FUSED/raw/hbm_native/roofline_no_warmup_20261009T112153/mcprofiler_output/18_hbm_v000_xsf_tiny_kernel.txt.json,e7a3d5f4fdb353489448310eb503115b11aaa91350b9b8e4019f315176d4a85f,profiles/FINAL_REDUCE_FUSED/analysis/hbm_native/verified_hbm_v000_xsf_tiny.png,False,1500.0,1.528128677912907
v000,xsf,h3072,67.77619742533369,1249.2508709437507,1843.2,25547.0,1.125,28368544.0,profiles/FINAL_REDUCE_FUSED/raw/hbm_native/roofline_no_warmup_20261009T112153/mcprofiler_output/1_hbm_v000_xsf_h3072_kernel.txt.json,4a2cef991912e5135c924fc4978fc6d17c7a9fae63cf8aca4e63aca3f8308fbc,profiles/FINAL_REDUCE_FUSED/analysis/hbm_native/verified_hbm_v000_xsf_h3072.png,False,1500.0,83.28339139625004
v000,xsf,h7168,81.4642327825429,1501.5487386478305,1843.2,49550.0,1.125,66134880.0,profiles/FINAL_REDUCE_FUSED/raw/hbm_native/roofline_no_warmup_20261009T112153/mcprofiler_output/6_hbm_v000_xsf_h7168_kernel.txt.json,9cdeb214d3f2f6b95800f24efc5e85f72ded06a8300249c6ec571017d59e8071,profiles/FINAL_REDUCE_FUSED/analysis/hbm_native/verified_hbm_v000_xsf_h7168.png,False,1500.0,100.10324924318871
v000,xsf,prefill,80.08521295362902,1476.1306451612904,1843.2,404240.0,1.125,530409824.0,profiles/FINAL_REDUCE_FUSED/raw/hbm_native/roofline_no_warmup_20261009T112153/mcprofiler_output/12_hbm_v000_xsf_prefill_kernel.txt.json,3e5d7b35b7d75b347d9ae9963ca6444780688c3f90eef31c7613f217e2d9a328,profiles/FINAL_REDUCE_FUSED/analysis/hbm_native/verified_hbm_v000_xsf_prefill.png,False,1500.0,98.40870967741935
v000,fp8,tiny,0.7359225637280935,13.56452469463622,1843.2,3766.0,1.125,45408.0,profiles/v021_SUM/v000-roofline/raw/v000_fp8_tiny_T32_K2_H256/mcprofiler_output/1_reduce_fused_kernel_kernel.txt.json,ddfe491fbf39a08aa365e6af29061458a887797a07dbfbb3d5008c7ee1870720,profiles/v021_SUM/v000-roofline/v000_fp8_tiny_T32_K2_H256.png,True,1500.0,0.9043016463090814
v000,fp8,h3072,35.766425414862915,659.2467532467532,1843.2,45738.0,1.125,26802336.0,profiles/v021_SUM/v000-roofline/raw/v000_fp8_h3072_T512_K8_H3072/mcprofiler_output/1_reduce_fused_kernel_kernel.txt.json,8be85d405e05b3c5c4a59d577f83750c4305f25571b7a75835eca192385c3eae,profiles/v021_SUM/v000-roofline/v000_fp8_h3072_T512_K8_H3072.png,True,1500.0,43.94978354978355
v000,fp8,h7168,36.55793678653925,673.8358908494915,1843.2,104333.0,1.125,62491840.0,profiles/v021_SUM/v000-roofline/raw/v000_fp8_h7168_T512_K8_H7168/mcprofiler_output/1_reduce_fused_kernel_kernel.txt.json,03ec3168dd244df86a232de8155a4d56874040df59910426815ff00d9c702d27,profiles/v021_SUM/v000-roofline/v000_fp8_h7168_T512_K8_H7168.png,True,1500.0,44.92239272329944
v000,fp8,prefill,64.01404050745727,1179.9067946334524,1843.2,476582.0,1.125,499842080.0,profiles/v021_SUM/v000-roofline/raw/v000_fp8_prefill_T4096_K8_H7168/mcprofiler_output/1_reduce_fused_kernel_kernel.txt.json,53cfb954a94f2c7eded5173c88b2922ea942c3f41cc3e4bef8cc24f2933970fa,profiles/v021_SUM/v000-roofline/v000_fp8_prefill_T4096_K8_H7168.png,True,1500.0,78.66045297556349
v000,quantized,tiny,0.7396542233787029,13.633306645316253,1843.2,3747.0,1.125,45408.0,profiles/FINAL_REDUCE_FUSED/raw/hbm_native/roofline_no_warmup_20261009T112153/mcprofiler_output/21_hbm_v000_quantized_tiny_kernel.txt.json,e5e107297b7ced3ce456cc490bfc08ebf867853c477d8c7d3ad8d2c93537bd42,profiles/FINAL_REDUCE_FUSED/analysis/hbm_native/verified_hbm_v000_quantized_tiny.png,False,1500.0,0.9088871096877501
v000,quantized,h3072,33.76068307208415,622.276910384655,1843.2,48485.0,1.125,26818752.0,profiles/FINAL_REDUCE_FUSED/raw/hbm_native/roofline_no_warmup_20261009T112153/mcprofiler_output/3_hbm_v000_quantized_h3072_kernel.txt.json,1a33ca58c82fbbff175fbd497d09c1b29376114be55533f7d892b16d34e7b698,profiles/FINAL_REDUCE_FUSED/analysis/hbm_native/verified_hbm_v000_quantized_h3072.png,False,1500.0,41.485127358977
v000,quantized,h7168,36.41654891226546,671.2298295508771,1843.2,104782.0,1.125,62518048.0,profiles/FINAL_REDUCE_FUSED/raw/hbm_native/roofline_no_warmup_20261009T112153/mcprofiler_output/9_hbm_v000_quantized_h7168_kernel.txt.json,1584af606fef2f2ef48e07a760d3f8cc8175a372d3c59d20d51e4c2016bef591,profiles/FINAL_REDUCE_FUSED/analysis/hbm_native/verified_hbm_v000_quantized_h7168.png,False,1500.0,44.7486553033918
v000,quantized,prefill,63.13531790987451,1163.710179714807,1843.2,484935.0,1.125,501621152.0,profiles/FINAL_REDUCE_FUSED/raw/hbm_native/roofline_no_warmup_20261009T112153/mcprofiler_output/15_hbm_v000_quantized_prefill_kernel.txt.json,b31cb8b4fcac5165fc0c9f4cb1ebf9170bb5491627f61eb0a298ee742afc3c80,profiles/FINAL_REDUCE_FUSED/analysis/hbm_native/verified_hbm_v000_quantized_prefill.png,False,1500.0,77.5806786476538
