mode,input_MiB,read_bytes,write_bytes,threads,blocks,round,latency_ms,total_TBps
copy_1to1,1024,1073741824,1073741824,128,416,0,1.476951957,1.453996955
copy_1to1,1024,1073741824,1073741824,128,416,1,1.476591945,1.454351458
copy_1to1,1024,1073741824,1073741824,128,416,2,1.477447987,1.453508799
copy_1to1,1024,1073741824,1073741824,128,416,3,1.478008032,1.452958037
copy_1to1,1024,1073741824,1073741824,128,416,4,1.477543950,1.453414396
read8_write_8to1,1024,1073741824,134217728,128,416,0,0.826128006,1.462194168
read8_write_8to1,1024,1073741824,134217728,128,416,1,0.826008022,1.462406563
read8_write_8to1,1024,1073741824,134217728,128,416,2,0.826575994,1.461401686
read8_write_8to1,1024,1073741824,134217728,128,416,3,0.825464010,1.463370343
read8_write_8to1,1024,1073741824,134217728,128,416,4,0.825496018,1.463313603
read8_write_16to1,1024,1073741824,67108864,128,416,0,0.767759979,1.485947066
read8_write_16to1,1024,1073741824,67108864,128,416,1,0.767816007,1.485838635
read8_write_16to1,1024,1073741824,67108864,128,416,2,0.767584026,1.486287689
read8_write_16to1,1024,1073741824,67108864,128,416,3,0.766807973,1.487791895
read8_write_16to1,1024,1073741824,67108864,128,416,4,0.767831981,1.485807724
copy_1to1,1024,1073741824,1073741824,128,832,0,1.480784059,1.450234175
copy_1to1,1024,1073741824,1073741824,128,832,1,1.478976011,1.452007086
copy_1to1,1024,1073741824,1073741824,128,832,2,1.477552056,1.453406422
copy_1to1,1024,1073741824,1073741824,128,832,3,1.479151964,1.451834362
copy_1to1,1024,1073741824,1073741824,128,832,4,1.478736043,1.452242716
read8_write_8to1,1024,1073741824,134217728,128,832,0,0.831896007,1.452055956
read8_write_8to1,1024,1073741824,134217728,128,832,1,0.832296014,1.451358089
read8_write_8to1,1024,1073741824,134217728,128,832,2,0.831175983,1.453313831
read8_write_8to1,1024,1073741824,134217728,128,832,3,0.832408011,1.451162815
read8_write_8to1,1024,1073741824,134217728,128,832,4,0.831951976,1.451958271
read8_write_16to1,1024,1073741824,67108864,128,832,0,0.775031984,1.472004655
read8_write_16to1,1024,1073741824,67108864,128,832,1,0.775424004,1.471260475
read8_write_16to1,1024,1073741824,67108864,128,832,2,0.775839984,1.470471632
read8_write_16to1,1024,1073741824,67108864,128,832,3,0.775592029,1.470941739
read8_write_16to1,1024,1073741824,67108864,128,832,4,0.775456011,1.471199747
copy_1to1,1024,1073741824,1073741824,128,1664,0,1.519343972,1.413428221
copy_1to1,1024,1073741824,1073741824,128,1664,1,1.520063996,1.412758708
copy_1to1,1024,1073741824,1073741824,128,1664,2,1.519423962,1.413353812
copy_1to1,1024,1073741824,1073741824,128,1664,3,1.517536044,1.415112120
copy_1to1,1024,1073741824,1073741824,128,1664,4,1.519431949,1.413346382
read8_write_8to1,1024,1073741824,134217728,128,1664,0,0.835479975,1.445827056
read8_write_8to1,1024,1073741824,134217728,128,1664,1,0.835255980,1.446214789
read8_write_8to1,1024,1073741824,134217728,128,1664,2,0.836160004,1.444651198
read8_write_8to1,1024,1073741824,134217728,128,1664,3,0.836272001,1.444457724
read8_write_8to1,1024,1073741824,134217728,128,1664,4,0.836399972,1.444236719
read8_write_16to1,1024,1073741824,67108864,128,1664,0,0.779695988,1.463199383
read8_write_16to1,1024,1073741824,67108864,128,1664,1,0.778584003,1.465289144
read8_write_16to1,1024,1073741824,67108864,128,1664,2,0.778312027,1.465801180
read8_write_16to1,1024,1073741824,67108864,128,1664,3,0.778864026,1.464762333
read8_write_16to1,1024,1073741824,67108864,128,1664,4,0.779240012,1.464055580
copy_1to1,1024,1073741824,1073741824,256,416,0,1.463456035,1.467405646
copy_1to1,1024,1073741824,1073741824,256,416,1,1.464544058,1.466315497
copy_1to1,1024,1073741824,1073741824,256,416,2,1.465495944,1.465363078
copy_1to1,1024,1073741824,1073741824,256,416,3,1.464344025,1.466515799
copy_1to1,1024,1073741824,1073741824,256,416,4,1.464200020,1.466660032
read8_write_8to1,1024,1073741824,134217728,256,416,0,0.832032025,1.451818579
read8_write_8to1,1024,1073741824,134217728,256,416,1,0.831359982,1.452992178
read8_write_8to1,1024,1073741824,134217728,256,416,2,0.831695974,1.452405194
read8_write_8to1,1024,1073741824,134217728,256,416,3,0.831184030,1.453299762
read8_write_8to1,1024,1073741824,134217728,256,416,4,0.831327975,1.453048121
read8_write_16to1,1024,1073741824,67108864,256,416,0,0.772687972,1.476470102
read8_write_16to1,1024,1073741824,67108864,256,416,1,0.772271991,1.477265396
read8_write_16to1,1024,1073741824,67108864,256,416,2,0.771776021,1.478214738
read8_write_16to1,1024,1073741824,67108864,256,416,3,0.772840023,1.476179615
read8_write_16to1,1024,1073741824,67108864,256,416,4,0.773223996,1.475446564
copy_1to1,1024,1073741824,1073741824,256,832,0,1.518527985,1.414187733
copy_1to1,1024,1073741824,1073741824,256,832,1,1.518136024,1.414552855
copy_1to1,1024,1073741824,1073741824,256,832,2,1.519028306,1.413721943
copy_1to1,1024,1073741824,1073741824,256,832,3,1.518424034,1.414284547
copy_1to1,1024,1073741824,1073741824,256,832,4,1.518303990,1.414396367
read8_write_8to1,1024,1073741824,134217728,256,832,0,0.834767997,1.447060208
read8_write_8to1,1024,1073741824,134217728,256,832,1,0.834887981,1.446852247
read8_write_8to1,1024,1073741824,134217728,256,832,2,0.835600019,1.445619346
read8_write_8to1,1024,1073741824,134217728,256,832,3,0.835344017,1.446062374
read8_write_8to1,1024,1073741824,134217728,256,832,4,0.836167991,1.444637399
read8_write_16to1,1024,1073741824,67108864,256,832,0,0.773648024,1.474637889
read8_write_16to1,1024,1073741824,67108864,256,832,1,0.774352014,1.473297244
read8_write_16to1,1024,1073741824,67108864,256,832,2,0.775367975,1.471366789
read8_write_16to1,1024,1073741824,67108864,256,832,3,0.774576008,1.472871191
read8_write_16to1,1024,1073741824,67108864,256,832,4,0.774007976,1.473952108
copy_1to1,1024,1073741824,1073741824,256,1664,0,1.527024031,1.406319485
copy_1to1,1024,1073741824,1073741824,256,1664,1,1.527119994,1.406231112
copy_1to1,1024,1073741824,1073741824,256,1664,2,1.526352048,1.406938623
copy_1to1,1024,1073741824,1073741824,256,1664,3,1.526568055,1.406739543
copy_1to1,1024,1073741824,1073741824,256,1664,4,1.526296020,1.406990270
read8_write_8to1,1024,1073741824,134217728,256,1664,0,0.842832029,1.433215054
read8_write_8to1,1024,1073741824,134217728,256,1664,1,0.842743993,1.433364773
read8_write_8to1,1024,1073741824,134217728,256,1664,2,0.842415988,1.433922870
read8_write_8to1,1024,1073741824,134217728,256,1664,3,0.843568027,1.431964600
read8_write_8to1,1024,1073741824,134217728,256,1664,4,0.843343973,1.432345034
read8_write_16to1,1024,1073741824,67108864,256,1664,0,0.776575983,1.469077996
read8_write_16to1,1024,1073741824,67108864,256,1664,1,0.775704026,1.470729363
read8_write_16to1,1024,1073741824,67108864,256,1664,2,0.775391996,1.471321208
read8_write_16to1,1024,1073741824,67108864,256,1664,3,0.776376009,1.469456391
read8_write_16to1,1024,1073741824,67108864,256,1664,4,0.776607990,1.469017448
copy_1to1,1024,1073741824,1073741824,512,416,0,1.512055993,1.420240823
copy_1to1,1024,1073741824,1073741824,512,416,1,1.511000037,1.421233352
copy_1to1,1024,1073741824,1073741824,512,416,2,1.512599945,1.419730085
copy_1to1,1024,1073741824,1073741824,512,416,3,1.512184024,1.420120577
copy_1to1,1024,1073741824,1073741824,512,416,4,1.512143970,1.420158193
read8_write_8to1,1024,1073741824,134217728,512,416,0,0.835704029,1.445439427
read8_write_8to1,1024,1073741824,134217728,512,416,1,0.836063981,1.444817119
read8_write_8to1,1024,1073741824,134217728,512,416,2,0.835560024,1.445688541
read8_write_8to1,1024,1073741824,134217728,512,416,3,0.835632026,1.445563973
read8_write_8to1,1024,1073741824,134217728,512,416,4,0.836304009,1.444402441
read8_write_16to1,1024,1073741824,67108864,512,416,0,0.778743982,1.464988127
read8_write_16to1,1024,1073741824,67108864,512,416,1,0.778743982,1.464988127
read8_write_16to1,1024,1073741824,67108864,512,416,2,0.778576016,1.465304176
read8_write_16to1,1024,1073741824,67108864,512,416,3,0.778280020,1.465861462
read8_write_16to1,1024,1073741824,67108864,512,416,4,0.778815985,1.464852687
copy_1to1,1024,1073741824,1073741824,512,832,0,1.507760048,1.424287406
copy_1to1,1024,1073741824,1073741824,512,832,1,1.507928014,1.424128757
copy_1to1,1024,1073741824,1073741824,512,832,2,1.508504033,1.423584956
copy_1to1,1024,1073741824,1073741824,512,832,3,1.508136034,1.423932324
copy_1to1,1024,1073741824,1073741824,512,832,4,1.508463979,1.423622757
read8_write_8to1,1024,1073741824,134217728,512,832,0,0.837248027,1.442773841
read8_write_8to1,1024,1073741824,134217728,512,832,1,0.836888015,1.443394492
read8_write_8to1,1024,1073741824,134217728,512,832,2,0.837119997,1.442994501
read8_write_8to1,1024,1073741824,134217728,512,832,3,0.836560011,1.443960429
read8_write_8to1,1024,1073741824,134217728,512,832,4,0.837776005,1.441864585
read8_write_16to1,1024,1073741824,67108864,512,832,0,0.777263999,1.467777601
read8_write_16to1,1024,1073741824,67108864,512,832,1,0.776744008,1.468760204
read8_write_16to1,1024,1073741824,67108864,512,832,2,0.776880026,1.468503051
read8_write_16to1,1024,1073741824,67108864,512,832,3,0.776207983,1.469774483
read8_write_16to1,1024,1073741824,67108864,512,832,4,0.776896000,1.468472856
copy_1to1,1024,1073741824,1073741824,512,1664,0,1.503600001,1.428228017
copy_1to1,1024,1073741824,1073741824,512,1664,1,1.503623962,1.428205257
copy_1to1,1024,1073741824,1073741824,512,1664,2,1.503687978,1.428144455
copy_1to1,1024,1073741824,1073741824,512,1664,3,1.505007982,1.426891866
copy_1to1,1024,1073741824,1073741824,512,1664,4,1.503263950,1.428547294
read8_write_8to1,1024,1073741824,134217728,512,1664,0,0.837607980,1.442153825
read8_write_8to1,1024,1073741824,134217728,512,1664,1,0.837264001,1.442746314
read8_write_8to1,1024,1073741824,134217728,512,1664,2,0.837239981,1.442787707
read8_write_8to1,1024,1073741824,134217728,512,1664,3,0.836960018,1.443270319
read8_write_8to1,1024,1073741824,134217728,512,1664,4,0.837271988,1.442732551
read8_write_16to1,1024,1073741824,67108864,512,1664,0,0.780607998,1.461489878
read8_write_16to1,1024,1073741824,67108864,512,1664,1,0.779807985,1.462989236
read8_write_16to1,1024,1073741824,67108864,512,1664,2,0.779464006,1.463634855
read8_write_16to1,1024,1073741824,67108864,512,1664,3,0.779904008,1.462809110
read8_write_16to1,1024,1073741824,67108864,512,1664,4,0.780719995,1.461280222
