variant,tokens_per_cta,threads,ctas,elements_per_thread,baseline_us,candidate_us,speedup,latency_reduction_pct,byte_equal_routes,timing,samples
Base,1,32,32,8,3.6096000000000026,7.490560000000003,0.48188653451811364,-107.51773049645385,5,cupti,"{""baseline"": [3.6096000000000026, 3.6659200000000025, 3.6096000000000026, 3.604480000000003, 3.5942400000000028], ""candidate"": [7.490560000000003, 7.459840000000002, 7.521279999999999, 7.434240000000001, 7.500800000000001]}"
Base,1,64,32,4,3.5942400000000028,5.263360000000002,0.6828793774319069,-46.43874643874639,5,cupti,"{""baseline"": [3.5942400000000028, 3.635200000000003, 3.584000000000003, 3.5737600000000027, 3.614720000000003], ""candidate"": [5.294080000000003, 5.258240000000003, 5.232640000000003, 5.263360000000002, 5.273600000000003]}"
Base,1,128,32,2,3.6096000000000026,4.280320000000002,0.8433014354066987,-18.581560283687914,5,cupti,"{""baseline"": [3.6096000000000026, 3.599360000000003, 3.599360000000003, 3.6454400000000025, 3.6761600000000025], ""candidate"": [4.280320000000002, 4.280320000000003, 4.285440000000003, 4.259840000000003, 4.2547200000000025]}"
Base,1,256,32,1,3.6096000000000026,3.5891200000000025,1.0057061340941513,0.5673758865248235,5,cupti,"{""baseline"": [3.584000000000003, 3.6608000000000027, 3.599360000000003, 3.6096000000000026, 3.6096000000000026], ""candidate"": [3.604480000000003, 3.5891200000000025, 3.5686400000000025, 3.5942400000000028, 3.5584000000000024]}"
Base,2,32,16,16,3.6198400000000026,12.89216,0.2807783955520256,-256.1527581329559,5,cupti,"{""baseline"": [3.6198400000000026, 3.6659200000000025, 3.6761600000000025, 3.6198400000000026, 3.584000000000003], ""candidate"": [12.89216, 12.779519999999998, 12.89728, 12.764159999999995, 12.902399999999995]}"
Base,2,64,16,8,3.6096000000000026,7.741440000000002,0.4662698412698415,-114.46808510638289,5,cupti,"{""baseline"": [3.6864000000000026, 3.604480000000003, 3.624960000000003, 3.6096000000000026, 3.6096000000000026], ""candidate"": [7.731200000000002, 7.77216, 7.7209600000000025, 7.751680000000002, 7.741440000000002]}"
Base,2,128,16,4,3.6096000000000026,5.452800000000002,0.6619718309859157,-51.063829787233985,5,cupti,"{""baseline"": [3.5891200000000025, 3.6096000000000026, 3.6096000000000026, 3.6096000000000026, 3.604480000000003], ""candidate"": [5.452800000000002, 5.442560000000003, 5.468160000000001, 5.422080000000002, 5.463040000000001]}"
Base,2,256,16,2,3.614720000000003,4.326400000000003,0.8355029585798817,-19.6883852691218,5,cupti,"{""baseline"": [3.5942400000000028, 3.604480000000003, 3.614720000000003, 3.655680000000003, 3.6454400000000025], ""candidate"": [4.331520000000003, 4.290560000000003, 4.326400000000003, 4.311040000000003, 4.331520000000003]}"
Base,4,32,8,32,3.624960000000003,23.137280000000004,0.1566718300508963,-538.2768361581917,5,cupti,"{""baseline"": [3.614720000000003, 3.624960000000003, 3.624960000000003, 3.6505600000000027, 3.604480000000003], ""candidate"": [23.31648000000001, 23.137280000000004, 22.937600000000003, 22.983680000000003, 23.459840000000003]}"
Base,4,64,8,16,3.614720000000003,13.281280000000004,0.27216653816499625,-267.4220963172803,5,cupti,"{""baseline"": [3.5788800000000025, 3.6403200000000027, 3.604480000000003, 3.614720000000003, 3.614720000000003], ""candidate"": [13.245440000000006, 13.281280000000004, 13.378560000000002, 13.388800000000003, 12.968960000000003]}"
Base,4,128,8,8,3.614720000000003,8.064,0.4482539682539686,-123.0878186968837,5,cupti,"{""baseline"": [3.6198400000000026, 3.609600000000002, 3.6096000000000026, 3.614720000000003, 3.614720000000003], ""candidate"": [8.064, 8.115200000000002, 8.04352, 8.079360000000001, 8.043520000000003]}"
Base,4,256,8,4,3.599360000000003,5.452800000000001,0.6600938967136155,-51.49359886201981,5,cupti,"{""baseline"": [3.6198400000000026, 3.599360000000003, 3.6454400000000025, 3.5993600000000026, 3.599360000000003], ""candidate"": [5.447680000000002, 5.432320000000002, 5.452800000000002, 5.452800000000001, 5.468160000000003]}"
Base,8,32,4,64,3.604480000000003,46.330879999999986,0.07779865178472768,-1185.3693181818167,5,cupti,"{""baseline"": [3.604480000000003, 3.558400000000002, 3.6608000000000027, 3.604480000000003, 3.6096000000000026], ""candidate"": [46.330879999999986, 46.24383999999999, 46.361599999999996, 46.397439999999996, 46.27967999999999]}"
Base,8,64,4,32,3.614720000000003,24.949760000000012,0.1448799507490253,-590.2266288951839,5,cupti,"{""baseline"": [3.614720000000003, 3.5737600000000027, 3.614720000000003, 3.604480000000003, 3.6300800000000026], ""candidate"": [24.913920000000005, 24.970240000000008, 24.949760000000005, 24.949760000000012, 24.97024]}"
Base,8,128,4,16,3.6096000000000026,13.194240000000006,0.2735739231664727,-265.53191489361694,5,cupti,"{""baseline"": [3.6096000000000026, 3.614720000000003, 3.6198400000000026, 3.5737600000000027, 3.599360000000003], ""candidate"": [13.18912000000001, 13.199360000000004, 13.178880000000003, 13.20448, 13.194240000000006]}"
Base,8,256,4,8,3.6096000000000026,8.05376,0.448188175460903,-123.1205673758864,5,cupti,"{""baseline"": [3.6096000000000026, 3.624960000000003, 3.6096000000000026, 3.599360000000003, 3.6198400000000026], ""candidate"": [8.043520000000003, 8.069120000000003, 8.069120000000003, 8.05376, 8.04864]}"
XSF,1,32,32,8,3.5942400000000028,7.613440000000002,0.4720914593140554,-111.82336182336172,5,cupti,"{""baseline"": [3.6096000000000026, 3.589120000000002, 3.5891200000000025, 3.5942400000000028, 3.6454400000000025], ""candidate"": [7.603200000000002, 7.628800000000005, 7.582719999999998, 7.654400000000003, 7.613440000000002]}"
XSF,1,64,32,4,3.599360000000003,5.355520000000002,0.6720841300191207,-48.79089615931716,5,cupti,"{""baseline"": [3.624960000000003, 3.599360000000003, 3.614720000000003, 3.5737600000000027, 3.5891200000000025], ""candidate"": [5.370880000000002, 5.350400000000003, 5.376000000000001, 5.335040000000003, 5.355520000000002]}"
XSF,1,128,32,2,3.599360000000003,4.224000000000003,0.8521212121212123,-17.354196301564695,5,cupti,"{""baseline"": [3.5942400000000028, 3.599360000000003, 3.5942400000000028, 3.6454400000000025, 3.599360000000003], ""candidate"": [4.224000000000003, 4.234240000000003, 4.275200000000003, 4.224000000000003, 4.218880000000003]}"
XSF,1,256,32,1,3.614720000000003,3.5891200000000025,1.007132667617689,0.7082152974504319,5,cupti,"{""baseline"": [3.6454400000000025, 3.604480000000003, 3.604480000000003, 3.614720000000003, 3.635200000000003], ""candidate"": [3.5788800000000025, 3.6096000000000026, 3.5788800000000025, 3.635200000000003, 3.5891200000000025]}"
XSF,2,32,16,16,3.6096000000000026,18.457600000000006,0.19556171983356457,-411.3475177304963,5,cupti,"{""baseline"": [3.6198400000000026, 3.5635200000000027, 3.6096000000000026, 3.6096000000000026, 3.604480000000003], ""candidate"": [18.40128, 18.38080000000001, 18.503680000000003, 18.457600000000006, 18.554880000000008]}"
XSF,2,64,16,8,3.5942400000000028,10.798080000000002,0.3328591749644383,-200.42735042735023,5,cupti,"{""baseline"": [3.5788800000000025, 3.6454400000000025, 3.589120000000002, 3.5942400000000028, 3.604480000000003], ""candidate"": [10.798080000000002, 10.72128, 10.808320000000002, 10.73664, 10.803199999999997]}"
XSF,2,128,16,4,3.604480000000003,7.00928,0.5142439737034336,-94.46022727272714,5,cupti,"{""baseline"": [3.604480000000003, 3.624960000000003, 3.599360000000003, 3.599360000000003, 3.6608000000000027], ""candidate"": [7.00928, 7.009280000000001, 6.973439999999999, 7.014400000000002, 6.9888]}"
XSF,2,256,16,2,3.604480000000003,5.237760000000003,0.6881720430107527,-45.31249999999998,5,cupti,"{""baseline"": [3.6505600000000027, 3.6198400000000026, 3.604480000000003, 3.599360000000003, 3.5788800000000025], ""candidate"": [5.227520000000003, 5.253120000000003, 5.217280000000003, 5.242880000000003, 5.237760000000003]}"
XSF,4,32,8,32,3.584000000000003,34.48832,0.1039192399049882,-862.2857142857134,5,cupti,"{""baseline"": [3.584000000000003, 3.599360000000003, 3.599360000000003, 3.5788800000000025, 3.584000000000003], ""candidate"": [35.02080000000001, 33.73055999999999, 34.71872000000002, 34.48832, 34.24256000000001]}"
XSF,4,64,8,16,3.6198400000000026,19.031039999999997,0.19020715630885138,-425.7425742574253,5,cupti,"{""baseline"": [3.604480000000003, 3.604480000000003, 3.624960000000003, 3.6198400000000026, 3.635200000000003], ""candidate"": [18.913279999999997, 19.23584000000001, 18.908159999999995, 19.066880000000012, 19.031039999999997]}"
XSF,4,128,8,8,3.604480000000002,10.97728,0.32835820895522405,-204.54545454545442,5,cupti,"{""baseline"": [3.6096000000000026, 3.5942400000000028, 3.604480000000002, 3.609600000000002, 3.5942400000000028], ""candidate"": [11.01312, 10.97728, 11.04384, 10.854399999999996, 10.685439999999996]}"
XSF,4,256,8,4,3.604480000000003,7.070720000000002,0.5097755249818974,-96.16477272727263,5,cupti,"{""baseline"": [3.604480000000003, 3.5891200000000025, 3.599360000000003, 3.6198400000000026, 3.614720000000003], ""candidate"": [7.091199999999999, 6.942720000000001, 7.050240000000002, 7.070720000000002, 7.07584]}"
XSF,8,32,4,64,3.604480000000003,68.80768000000002,0.05238485006324878,-1808.9488636363626,5,cupti,"{""baseline"": [3.5942400000000028, 3.604480000000003, 3.635200000000003, 3.6454400000000025, 3.5891200000000025], ""candidate"": [68.95104000000003, 68.89984, 68.72576000000001, 68.80768000000002, 68.63872000000003]}"
XSF,8,64,4,32,3.5891200000000025,36.29568,0.09888559740442948,-911.2696148359479,5,cupti,"{""baseline"": [3.584000000000003, 3.5942400000000028, 3.5686400000000025, 3.599360000000003, 3.5891200000000025], ""candidate"": [36.36735999999999, 36.387840000000004, 36.23936000000001, 36.28032, 36.29568]}"
XSF,8,128,4,16,3.604480000000003,19.0208,0.18950201884253043,-427.6988636363632,5,cupti,"{""baseline"": [3.635200000000003, 3.5584000000000024, 3.584000000000003, 3.604480000000003, 3.614720000000003], ""candidate"": [18.97984, 19.025919999999996, 19.0208, 19.02592, 18.984959999999997]}"
XSF,8,256,4,8,3.614720000000003,10.9312,0.33067915690866534,-202.40793201133124,5,cupti,"{""baseline"": [3.6761600000000025, 3.6096000000000026, 3.6505600000000027, 3.614720000000003, 3.604480000000003], ""candidate"": [10.94144, 10.946560000000002, 10.9312, 10.931199999999999, 10.920960000000001]}"
